match_id,fecha,equipo_local,equipo_visitante,goles_local,goles_visitante,resultado_1x2,over_2_5,btts,torneo,ciudad,pais_sede,neutral,peso_competicion,source_id,is_played,elo_local_pre,elo_visitante_pre,diff_elo_pre,elo_prob_local_pre,last_match_date_pre_L,matches_played_prior_L,unbeaten_streak_prior_L,win_streak_prior_L,scoring_streak_prior_L,goals_for_avg_5_L,goals_against_avg_5_L,goal_diff_avg_5_L,points_avg_5_L,win_avg_5_L,draw_avg_5_L,loss_avg_5_L,clean_sheet_avg_5_L,failed_to_score_avg_5_L,btts_avg_5_L,over_2_5_avg_5_L,points_sum_5_L,weighted_points_avg_5_L,goals_for_avg_10_L,goals_against_avg_10_L,goal_diff_avg_10_L,points_avg_10_L,win_avg_10_L,draw_avg_10_L,loss_avg_10_L,clean_sheet_avg_10_L,failed_to_score_avg_10_L,btts_avg_10_L,over_2_5_avg_10_L,points_sum_10_L,weighted_points_avg_10_L,goals_for_avg_20_L,goals_against_avg_20_L,goal_diff_avg_20_L,points_avg_20_L,win_avg_20_L,draw_avg_20_L,loss_avg_20_L,clean_sheet_avg_20_L,failed_to_score_avg_20_L,btts_avg_20_L,over_2_5_avg_20_L,points_sum_20_L,weighted_points_avg_20_L,last_match_date_pre_V,matches_played_prior_V,unbeaten_streak_prior_V,win_streak_prior_V,scoring_streak_prior_V,goals_for_avg_5_V,goals_against_avg_5_V,goal_diff_avg_5_V,points_avg_5_V,win_avg_5_V,draw_avg_5_V,loss_avg_5_V,clean_sheet_avg_5_V,failed_to_score_avg_5_V,btts_avg_5_V,over_2_5_avg_5_V,points_sum_5_V,weighted_points_avg_5_V,goals_for_avg_10_V,goals_against_avg_10_V,goal_diff_avg_10_V,points_avg_10_V,win_avg_10_V,draw_avg_10_V,loss_avg_10_V,clean_sheet_avg_10_V,failed_to_score_avg_10_V,btts_avg_10_V,over_2_5_avg_10_V,points_sum_10_V,weighted_points_avg_10_V,goals_for_avg_20_V,goals_against_avg_20_V,goal_diff_avg_20_V,points_avg_20_V,win_avg_20_V,draw_avg_20_V,loss_avg_20_V,clean_sheet_avg_20_V,failed_to_score_avg_20_V,btts_avg_20_V,over_2_5_avg_20_V,points_sum_20_V,weighted_points_avg_20_V,days_since_last_match_pre_L,days_since_last_match_pre_V,h2h_matches,h2h_goals_home_avg,h2h_goals_away_avg,h2h_total_goals_avg,h2h_home_win_rate,h2h_weight_sum,diff_matches_played_prior,diff_unbeaten_streak_prior,diff_win_streak_prior,diff_scoring_streak_prior,diff_goals_for_avg_5,diff_goals_against_avg_5,diff_goal_diff_avg_5,diff_points_avg_5,diff_win_avg_5,diff_draw_avg_5,diff_loss_avg_5,diff_clean_sheet_avg_5,diff_failed_to_score_avg_5,diff_btts_avg_5,diff_over_2_5_avg_5,diff_points_sum_5,diff_weighted_points_avg_5,diff_goals_for_avg_10,diff_goals_against_avg_10,diff_goal_diff_avg_10,diff_points_avg_10,diff_win_avg_10,diff_draw_avg_10,diff_loss_avg_10,diff_clean_sheet_avg_10,diff_failed_to_score_avg_10,diff_btts_avg_10,diff_over_2_5_avg_10,diff_points_sum_10,diff_weighted_points_avg_10,diff_goals_for_avg_20,diff_goals_against_avg_20,diff_goal_diff_avg_20,diff_points_avg_20,diff_win_avg_20,diff_draw_avg_20,diff_loss_avg_20,diff_clean_sheet_avg_20,diff_failed_to_score_avg_20,diff_btts_avg_20,diff_over_2_5_avg_20,diff_points_sum_20,diff_weighted_points_avg_20,diff_days_since_last_match_pre,group,lambda_local,lambda_visitante,prob_local,prob_empate,prob_visitante,prob_over_2_5,prob_btts_si,marcador_mas_probable,prob_marcador_mas_probable,prediction_source,fixture_status,has_model_prediction
131a3f729624d0a8,2026-06-11,South Korea,Czech Republic,2.0,1.0,L,1.0,1.0,FIFA World Cup,Zapopan,Mexico,1,1.0,international_results_martj42,True,1917.3237557388645,1872.8633938737814,44.46036186508309,0.563636619919617,2026-06-03,1007.0,2.0,2.0,2.0,1.4,1.0,0.4,1.8,0.6,0.0,0.4,0.6,0.4,0.0,0.4,9.0,1.0799999999999994,1.5,1.2,0.3,1.9,0.6,0.1,0.3,0.6,0.3,0.1,0.4,19.0,1.14,1.75,0.95,0.8,2.05,0.6,0.25,0.15,0.5,0.2,0.35,0.4,41.0,1.505,2026-06-04,360.0,6.0,2.0,7.0,3.4,1.2,2.2,2.2,0.6,0.4,0.0,0.2,0.0,0.8,1.0,11.0,1.5699999999999994,2.2,0.9,1.3,1.9,0.5,0.4,0.1,0.4,0.1,0.6,0.6,19.0,1.3649999999999998,2.0,1.15,0.85,1.95,0.55,0.3,0.15,0.4,0.1,0.6,0.6,39.0,1.505,8.0,7.0,3,1.9888516588073517,1.0241029166302713,3.012954575437623,0.9926195951587012,0.030261996700451856,647.0,-4.0,0.0,-5.0,-2.0,-0.19999999999999996,-1.8000000000000003,-0.40000000000000013,0.0,-0.4,0.4,0.39999999999999997,0.4,-0.8,-0.6,-2.0,-0.49,-0.7000000000000002,0.29999999999999993,-1.0,0.0,0.09999999999999998,-0.30000000000000004,0.19999999999999998,0.19999999999999996,0.19999999999999998,-0.5,-0.19999999999999996,0.0,-0.22499999999999987,-0.25,-0.19999999999999996,-0.04999999999999993,0.09999999999999987,0.04999999999999993,-0.04999999999999999,0.0,0.09999999999999998,0.1,-0.25,-0.19999999999999996,2.0,0.0,1.0,A,1.3616904731309376,1.0702304232517927,0.4442049410329652,0.2516493910445282,0.3041456679225066,0.4386083883403747,0.4791071979400149,1-0,0.1292527816657445,validation_pre_match,played,True
86ad458e343b0967,2026-06-11,Mexico,South Africa,2.0,0.0,L,0.0,0.0,FIFA World Cup,Mexico City,Mexico,0,1.0,international_results_martj42,True,2021.6527405948711,1686.2745551873002,335.378185407571,0.9018910528694263,2026-06-04,1003.0,8.0,3.0,4.0,1.8,0.4,1.4,2.2,0.6,0.4,0.0,0.6,0.2,0.4,0.2,11.0,1.3200000000000003,1.6,0.4,1.2,2.1,0.6,0.3,0.1,0.7,0.2,0.3,0.3,21.0,1.26,1.45,0.7,0.75,2.0,0.55,0.35,0.1,0.6,0.25,0.35,0.35,40.0,1.3599999999999999,2026-06-06,480.0,2.0,1.0,1.0,0.8,1.0,-0.2,1.0,0.2,0.4,0.4,0.4,0.2,0.6,0.4,5.0,0.6,1.5,1.0,0.5,1.7,0.5,0.2,0.3,0.3,0.2,0.6,0.6,17.0,1.2149999999999999,1.45,0.75,0.7,1.8,0.5,0.3,0.2,0.5,0.25,0.4,0.45,36.0,1.3475,7.0,5.0,4,1.0817544071189849,1.1696836244645186,2.251438031583503,0.027251469039661597,0.0044795303891932495,523.0,6.0,2.0,3.0,1.0,-0.6,1.5999999999999999,1.2000000000000002,0.39999999999999997,0.0,-0.4,0.19999999999999996,0.0,-0.19999999999999996,-0.2,6.0,0.7200000000000003,0.10000000000000009,-0.6,0.7,0.40000000000000013,0.09999999999999998,0.09999999999999998,-0.19999999999999998,0.39999999999999997,0.0,-0.3,-0.3,4.0,0.04500000000000015,0.0,-0.050000000000000044,0.050000000000000044,0.19999999999999996,0.050000000000000044,0.04999999999999999,-0.1,0.09999999999999998,0.0,-0.050000000000000044,-0.10000000000000003,4.0,0.012499999999999956,2.0,A,2.495109784855688,0.4617048587413248,0.8229750128461485,0.1225162503740841,0.0545087367797675,0.567039071267159,0.3347949586495123,2-0,0.161825646050384,validation_pre_match,played,True
9d0c4ad9b5b8619f,2026-06-12,Canada,Bosnia and Herzegovina,1.0,1.0,E,0.0,1.0,FIFA World Cup,Toronto,Canada,0,1.0,international_results_martj42,True,1958.6575338000002,1683.122975360226,275.5345584397742,0.8669120744344518,2026-06-05,469.0,7.0,0.0,2.0,1.4,0.6,0.8,1.8,0.4,0.6,0.0,0.6,0.2,0.4,0.2,9.0,1.0799999999999998,1.1,0.4,0.7,1.7,0.4,0.5,0.1,0.7,0.4,0.2,0.2,17.0,1.02,1.55,0.55,1.0,1.9,0.5,0.4,0.1,0.6,0.3,0.3,0.3,38.0,1.33,2026-06-06,283.0,8.0,0.0,1.0,0.8,0.8,0.0,1.0,0.0,1.0,0.0,0.2,0.2,0.8,0.0,5.0,0.7499999999999998,2.0,1.0,1.0,1.5,0.3,0.6,0.1,0.2,0.1,0.8,0.5,15.0,1.15,1.45,1.5,-0.05,1.3,0.3,0.4,0.3,0.25,0.2,0.65,0.5,26.0,1.0374999999999999,7.0,6.0,0,,,,,0.0,186.0,-1.0,0.0,1.0,0.5999999999999999,-0.20000000000000007,0.8,0.8,0.4,-0.4,0.0,0.39999999999999997,0.0,-0.4,0.2,4.0,0.33000000000000007,-0.8999999999999999,-0.6,-0.30000000000000004,0.19999999999999996,0.10000000000000003,-0.09999999999999998,0.0,0.49999999999999994,0.30000000000000004,-0.6000000000000001,-0.3,2.0,-0.1299999999999999,0.10000000000000009,-0.95,1.05,0.5999999999999999,0.2,0.0,-0.19999999999999998,0.35,0.09999999999999998,-0.35000000000000003,-0.2,12.0,0.2925000000000002,1.0,B,2.255882552544506,0.584033649072493,0.7606313081130981,0.1532606284768561,0.0861080634100459,0.5399952660669224,0.3902300401703902,2-0,0.1486804299786625,validation_pre_match,played,True
cb50098f5be0c371,2026-06-12,United States,Paraguay,4.0,1.0,L,1.0,1.0,FIFA World Cup,Inglewood,United States,0,1.0,international_results_martj42,True,1898.1956211663046,1946.691263799448,-48.49564263314346,0.5021649307503523,2026-06-06,790.0,0.0,0.0,2.0,2.2,2.4,-0.2,1.2,0.4,0.0,0.6,0.0,0.2,0.8,0.8,6.0,0.7199999999999995,1.8,1.7,0.1,1.6,0.5,0.1,0.4,0.1,0.2,0.7,0.6,16.0,0.96,1.65,1.6,0.05,1.45,0.45,0.1,0.45,0.15,0.2,0.65,0.7,29.0,1.0,2026-06-05,783.0,1.0,1.0,5.0,1.8,1.0,0.8,1.8,0.6,0.0,0.4,0.4,0.0,0.6,0.8,9.0,1.0799999999999996,1.2,1.0,0.2,1.4,0.4,0.2,0.4,0.4,0.3,0.4,0.5,14.0,0.95,1.25,0.9,0.35,1.65,0.45,0.3,0.25,0.45,0.25,0.45,0.5,33.0,1.2825,6.0,7.0,5,1.8927431229657496,0.9077985375951005,2.8005416605608504,0.9931957843992031,0.9113754635698099,7.0,-1.0,-1.0,-3.0,0.40000000000000013,1.4,-1.0,-0.6000000000000001,-0.19999999999999996,0.0,0.19999999999999996,-0.4,0.2,0.20000000000000007,0.0,-3.0,-0.3600000000000001,0.6000000000000001,0.7,-0.1,0.20000000000000018,0.09999999999999998,-0.1,0.0,-0.30000000000000004,-0.09999999999999998,0.29999999999999993,0.09999999999999998,2.0,0.010000000000000009,0.3999999999999999,0.7000000000000001,-0.3,-0.19999999999999996,0.0,-0.19999999999999998,0.2,-0.30000000000000004,-0.04999999999999999,0.2,0.19999999999999996,-4.0,-0.2825,-1.0,D,1.152501203690316,1.3221167205278193,0.3338371564955814,0.2512260237386784,0.4149368197657403,0.4496595449396222,0.4921570055668451,0-1,0.1209377154323378,validation_pre_match,played,True
4c48ec48a0ffee65,2026-06-13,Haiti,Scotland,0.0,1.0,V,0.0,0.0,FIFA World Cup,Foxborough,United States,1,1.0,international_results_martj42,True,1682.217794637243,1881.702891269091,-199.4850966318479,0.24079451730277626,2026-06-05,510.0,0.0,0.0,3.0,1.6,0.8,0.8,1.4,0.4,0.2,0.4,0.4,0.2,0.4,0.4,7.0,0.9899999999999999,1.5,1.0,0.5,1.5,0.4,0.3,0.3,0.5,0.3,0.3,0.5,15.0,1.1749999999999998,2.25,1.15,1.1,1.7,0.5,0.2,0.3,0.45,0.2,0.4,0.65,34.0,1.325,2026-06-06,851.0,2.0,2.0,2.0,2.4,1.0,1.4,1.8,0.6,0.0,0.4,0.2,0.4,0.4,0.6,9.0,1.23,2.1,1.0,1.1,1.9,0.6,0.1,0.3,0.3,0.3,0.5,0.6,19.0,1.4649999999999999,1.7,1.2,0.5,1.6,0.5,0.1,0.4,0.35,0.25,0.5,0.65,32.0,1.2225,8.0,7.0,0,,,,,0.0,-341.0,-2.0,-2.0,1.0,-0.7999999999999998,-0.19999999999999996,-0.5999999999999999,-0.40000000000000013,-0.19999999999999996,0.2,0.0,0.2,-0.2,0.0,-0.19999999999999996,-2.0,-0.2400000000000001,-0.6000000000000001,0.0,-0.6000000000000001,-0.3999999999999999,-0.19999999999999996,0.19999999999999998,0.0,0.2,0.0,-0.2,-0.09999999999999998,-4.0,-0.29000000000000004,0.55,-0.050000000000000044,0.6000000000000001,0.09999999999999987,0.0,0.1,-0.10000000000000003,0.10000000000000003,-0.04999999999999999,-0.09999999999999998,0.0,2.0,0.10250000000000004,1.0,C,0.8572987376176014,2.210702764430311,0.1385716698885032,0.1731386093654254,0.6882897207460712,0.5918627515187048,0.5059706798174215,0-2,0.1136641660002918,validation_pre_match,played,True
7439e5b0a3bd216b,2026-06-13,Qatar,Switzerland,1.0,1.0,E,0.0,1.0,FIFA World Cup,Santa Clara,United States,1,1.0,international_results_martj42,True,1554.538131429441,2018.6210045715222,-464.0828731420813,0.06467763571545647,2026-06-06,635.0,1.0,0.0,0.0,0.2,1.2,-1.0,0.4,0.0,0.4,0.6,0.2,0.8,0.2,0.2,2.0,0.2599999999999998,0.7,1.5,-0.8,0.7,0.1,0.4,0.5,0.2,0.5,0.5,0.5,7.0,0.53,1.1,1.75,-0.65,0.95,0.2,0.35,0.45,0.15,0.35,0.6,0.6,19.0,0.7474999999999998,2026-06-06,884.0,3.0,0.0,2.0,1.8,1.4,0.4,1.2,0.2,0.6,0.2,0.2,0.2,0.8,0.4,6.0,0.7699999999999998,2.2,0.8,1.4,1.9,0.5,0.4,0.1,0.5,0.2,0.5,0.5,19.0,1.4899999999999998,2.0,1.3,0.7,1.55,0.4,0.35,0.25,0.3,0.2,0.6,0.55,31.0,1.125,7.0,7.0,1,1.0,0.0,1.0,1.0,0.07047975013338197,-249.0,-2.0,0.0,-2.0,-1.6,-0.19999999999999996,-1.4,-0.7999999999999999,-0.2,-0.19999999999999996,0.39999999999999997,0.0,0.6000000000000001,-0.6000000000000001,-0.2,-4.0,-0.51,-1.5000000000000002,0.7,-2.2,-1.2,-0.4,0.0,0.4,-0.3,0.3,0.0,0.0,-12.0,-0.9599999999999997,-0.8999999999999999,0.44999999999999996,-1.35,-0.6000000000000001,-0.2,0.0,0.2,-0.15,0.14999999999999997,0.0,0.04999999999999993,-12.0,-0.37750000000000017,0.0,B,0.6120620216178568,2.7067212877594655,0.0646213441703992,0.1170972635197017,0.8182813923098988,0.6442881775032177,0.4227081058022494,0-2,0.1326114636351151,validation_pre_match,played,True
d1ea50691693644b,2026-06-13,Brazil,Morocco,1.0,1.0,E,0.0,1.0,FIFA World Cup,East Rutherford,United States,1,1.0,international_results_martj42,True,2116.36021678705,2062.55196836926,53.808248417789855,0.5768230604409895,2026-06-06,1059.0,3.0,3.0,8.0,2.6,1.4,1.2,2.0,0.6,0.2,0.2,0.0,0.0,1.0,0.8,10.0,1.1999999999999997,2.5,1.1,1.4,1.9,0.6,0.1,0.3,0.3,0.1,0.6,0.7,19.0,1.2149999999999999,1.9,1.0,0.9,1.85,0.55,0.2,0.25,0.35,0.15,0.55,0.55,37.0,1.3724999999999998,2026-06-07,617.0,38.0,0.0,6.0,2.6,0.6,2.0,2.2,0.6,0.4,0.0,0.4,0.0,0.6,0.6,11.0,1.32,2.2,0.3,1.9,2.4,0.7,0.3,0.0,0.7,0.1,0.3,0.5,24.0,1.7,2.05,0.35,1.7,2.5,0.75,0.25,0.0,0.7,0.1,0.3,0.45,50.0,1.75,7.0,6.0,3,1.0004781545187242,1.9993868264004915,2.9998649809192157,0.00030658679975423167,0.3241357886629407,442.0,-35.0,3.0,2.0,0.0,0.7999999999999999,-0.8,-0.20000000000000018,0.0,-0.2,0.2,-0.4,0.0,0.4,0.20000000000000007,-1.0,-0.12000000000000033,0.2999999999999998,0.8,-0.5,-0.5,-0.09999999999999998,-0.19999999999999998,0.3,-0.39999999999999997,0.0,0.3,0.19999999999999996,-5.0,-0.4850000000000001,-0.1499999999999999,0.65,-0.7999999999999999,-0.6499999999999999,-0.19999999999999996,-0.04999999999999999,0.25,-0.35,0.04999999999999999,0.25000000000000006,0.10000000000000003,-13.0,-0.37750000000000017,1.0,C,1.471610863284408,1.0944771017406332,0.4674561007742487,0.2417344441413573,0.2908094550843939,0.4730238219617811,0.5032838678375346,1-0,0.1223536819075633,validation_pre_match,played,True
f15a4336f443cc1f,2026-06-13,Australia,Turkey,2.0,0.0,L,0.0,0.0,FIFA World Cup,Vancouver,Canada,1,1.0,international_results_martj42,True,1911.5368102406128,2043.8136593866202,-132.2768491460074,0.31833224303539304,2026-06-06,581.0,1.0,0.0,1.0,1.4,1.2,0.2,1.4,0.4,0.2,0.4,0.2,0.4,0.4,0.4,7.0,0.96,1.3,1.0,0.3,1.6,0.5,0.1,0.4,0.3,0.3,0.4,0.4,16.0,1.0799999999999998,1.45,0.85,0.6,1.75,0.5,0.25,0.25,0.35,0.3,0.45,0.4,35.0,1.3475,2026-06-06,642.0,8.0,4.0,8.0,2.0,0.6,1.4,2.6,0.8,0.2,0.0,0.6,0.0,0.4,0.6,13.0,1.909999999999999,2.5,1.3,1.2,2.5,0.8,0.1,0.1,0.4,0.1,0.5,0.7,25.0,1.9749999999999996,2.1,1.1,1.0,2.25,0.7,0.15,0.15,0.4,0.2,0.5,0.65,45.0,1.7574999999999998,7.0,7.0,2,0.4992813146633216,1.9985626293266432,2.497843943989965,0.0,0.0008876127612932607,-61.0,-7.0,-4.0,-7.0,-0.6000000000000001,0.6,-1.2,-1.2000000000000002,-0.4,0.0,0.4,-0.39999999999999997,0.4,0.0,-0.19999999999999996,-6.0,-0.9499999999999991,-1.2,-0.30000000000000004,-0.8999999999999999,-0.8999999999999999,-0.30000000000000004,0.0,0.30000000000000004,-0.10000000000000003,0.19999999999999998,-0.09999999999999998,-0.29999999999999993,-9.0,-0.8949999999999998,-0.6500000000000001,-0.2500000000000001,-0.4,-0.5,-0.19999999999999996,0.1,0.1,-0.050000000000000044,0.09999999999999998,-0.04999999999999999,-0.25,-10.0,-0.4099999999999999,0.0,D,1.0916640337870611,1.635546039894448,0.2625541094800644,0.2283624342330966,0.5090834562868392,0.5130166938491426,0.5261399718389904,0-1,0.1157252301520758,validation_pre_match,played,True
261e4bdeebab8d39,2026-06-14,Germany,Curaçao,7.0,1.0,L,1.0,1.0,FIFA World Cup,Houston,United States,1,1.0,international_results_martj42,True,2094.1727708520107,1572.1204678002723,522.0523030517384,0.9528073524701836,2026-06-06,1031.0,9.0,9.0,9.0,3.6,1.0,2.6,3.0,1.0,0.0,0.0,0.4,0.0,0.6,1.0,15.0,1.9499999999999997,2.8,0.8,2.0,2.7,0.9,0.0,0.1,0.5,0.1,0.4,0.7,27.0,1.9949999999999999,2.6,1.0,1.6,2.25,0.7,0.15,0.15,0.4,0.1,0.5,0.7,45.0,1.7175,2026-06-06,385.0,1.0,1.0,3.0,1.2,2.2,-1.0,0.8,0.2,0.2,0.6,0.4,0.4,0.4,0.6,4.0,0.5299999999999996,1.9,1.4,0.5,1.5,0.4,0.3,0.3,0.5,0.3,0.4,0.5,15.0,1.2,2.0,1.05,0.95,1.65,0.45,0.3,0.25,0.5,0.3,0.4,0.5,33.0,1.3350000000000002,8.0,8.0,0,,,,,0.0,646.0,8.0,8.0,6.0,2.4000000000000004,-1.2000000000000002,3.6,2.2,0.8,-0.2,-0.6,0.0,-0.4,0.19999999999999996,0.4,11.0,1.4200000000000002,0.8999999999999999,-0.5999999999999999,1.5,1.2000000000000002,0.5,-0.3,-0.19999999999999998,0.0,-0.19999999999999998,0.0,0.19999999999999996,12.0,0.7949999999999999,0.6000000000000001,-0.050000000000000044,0.6500000000000001,0.6000000000000001,0.24999999999999994,-0.15,-0.1,-0.09999999999999998,-0.19999999999999998,0.09999999999999998,0.19999999999999996,12.0,0.38249999999999984,0.0,E,3.2725087882221757,0.5986371535065439,0.8787976116315311,0.0804938880303829,0.0407085003380858,0.7422481488976376,0.4302900012725907,3-0,0.1217679257152991,validation_pre_match,played,True
3d75f7c8caa54885,2026-06-14,Ivory Coast,Ecuador,1.0,0.0,L,0.0,0.0,FIFA World Cup,Philadelphia,United States,1,1.0,international_results_martj42,True,1889.0628261052316,2071.7093603603253,-182.64653425509368,0.25895674302812466,2026-06-04,636.0,3.0,3.0,9.0,2.4,0.8,1.6,2.4,0.8,0.0,0.2,0.6,0.0,0.4,0.8,12.0,1.56,1.9,0.8,1.1,2.2,0.7,0.1,0.2,0.5,0.1,0.4,0.5,22.0,1.52,1.8,0.5,1.3,2.1,0.65,0.15,0.2,0.65,0.25,0.2,0.4,42.0,1.5950000000000002,2026-06-07,591.0,19.0,2.0,5.0,1.8,0.6,1.2,2.2,0.6,0.4,0.0,0.4,0.0,0.6,0.4,11.0,1.3199999999999998,1.2,0.5,0.7,1.8,0.4,0.6,0.0,0.5,0.2,0.5,0.2,18.0,1.18,1.0,0.35,0.65,1.75,0.4,0.55,0.05,0.65,0.4,0.3,0.2,35.0,1.3124999999999998,10.0,7.0,0,,,,,0.0,45.0,-16.0,1.0,4.0,0.5999999999999999,0.20000000000000007,0.40000000000000013,0.19999999999999973,0.20000000000000007,-0.4,0.2,0.19999999999999996,0.0,-0.19999999999999996,0.4,1.0,0.2400000000000002,0.7,0.30000000000000004,0.40000000000000013,0.40000000000000013,0.29999999999999993,-0.5,0.2,0.0,-0.1,-0.09999999999999998,0.3,4.0,0.3400000000000001,0.8,0.15000000000000002,0.65,0.3500000000000001,0.25,-0.4,0.15000000000000002,0.0,-0.15000000000000002,-0.09999999999999998,0.2,7.0,0.2825000000000004,3.0,E,0.6475117563341863,1.562344698354564,0.1611766721068163,0.2354950337181393,0.6033282941750442,0.3799274881979774,0.3684015104562119,0-1,0.1797394612006685,validation_pre_match,played,True
7500d0566efd1dc8,2026-06-14,Netherlands,Japan,2.0,2.0,E,1.0,1.0,FIFA World Cup,Arlington,United States,1,1.0,international_results_martj42,True,2061.323113087401,2064.2797943223964,-2.956681234995358,0.4957450963780531,2026-06-08,879.0,1.0,1.0,1.0,1.8,0.8,1.0,2.0,0.6,0.2,0.2,0.2,0.2,0.6,0.6,10.0,1.3499999999999996,2.2,0.8,1.4,2.1,0.6,0.3,0.1,0.3,0.1,0.6,0.6,21.0,1.6099999999999999,2.5,1.0,1.5,1.9,0.5,0.4,0.1,0.3,0.1,0.6,0.6,38.0,1.5,2026-05-31,790.0,7.0,6.0,7.0,1.6,0.0,1.6,3.0,1.0,0.0,0.0,1.0,0.0,0.0,0.2,15.0,1.9199999999999995,1.9,0.6,1.3,2.3,0.7,0.2,0.1,0.7,0.2,0.2,0.4,23.0,1.5549999999999997,2.4,0.45,1.95,2.3,0.7,0.2,0.1,0.7,0.2,0.2,0.45,46.0,1.7549999999999997,6.0,14.0,3,1.952479581907765,1.304486097710758,3.256965679618523,0.34775695114462113,0.018800082503840528,89.0,-6.0,-5.0,-6.0,0.19999999999999996,0.8,-0.6000000000000001,-1.0,-0.4,0.2,0.2,-0.8,0.2,0.6,0.39999999999999997,-5.0,-0.5699999999999998,0.30000000000000027,0.20000000000000007,0.09999999999999987,-0.19999999999999973,-0.09999999999999998,0.09999999999999998,0.0,-0.39999999999999997,-0.1,0.39999999999999997,0.19999999999999996,-2.0,0.05500000000000016,0.10000000000000009,0.55,-0.44999999999999996,-0.3999999999999999,-0.19999999999999996,0.2,0.0,-0.39999999999999997,-0.1,0.39999999999999997,0.14999999999999997,-8.0,-0.25499999999999967,-8.0,F,1.1137209525812837,1.1121630969917196,0.3657770405563479,0.2692262902449629,0.3649966691986893,0.3842183797177796,0.4407597098960927,1-0,0.1302809720724207,validation_pre_match,played,True
80114cf261777991,2026-06-14,Sweden,Tunisia,5.0,1.0,L,1.0,1.0,FIFA World Cup,Guadalupe,Mexico,1,1.0,international_results_martj42,True,1833.9855181724351,1753.5968302309534,80.38868794148175,0.613667413078098,2026-06-04,1101.0,1.0,0.0,6.0,2.0,1.8,0.2,1.6,0.4,0.4,0.2,0.0,0.0,1.0,0.8,8.0,1.3099999999999996,1.3,2.0,-0.7,0.9,0.2,0.3,0.5,0.0,0.3,0.7,0.6,9.0,0.74,2.15,1.45,0.7,1.7,0.5,0.2,0.3,0.2,0.2,0.6,0.7,34.0,1.28,2026-06-06,678.0,0.0,0.0,0.0,0.4,1.4,-1.0,1.0,0.2,0.4,0.4,0.4,0.6,0.2,0.2,5.0,0.6400000000000005,1.3,1.4,-0.1,1.3,0.3,0.4,0.3,0.3,0.3,0.5,0.5,13.0,0.9199999999999999,1.65,1.05,0.6,1.65,0.45,0.3,0.25,0.4,0.25,0.4,0.45,33.0,1.21,10.0,8.0,4,0.21195019889898065,0.788112755394871,1.0000629542938517,0.21188724460512906,0.00036016373920266066,423.0,1.0,0.0,6.0,1.6,0.40000000000000013,1.2,0.6000000000000001,0.2,0.0,-0.2,-0.4,-0.6,0.8,0.6000000000000001,3.0,0.6699999999999992,0.0,0.6000000000000001,-0.6,-0.4,-0.09999999999999998,-0.10000000000000003,0.2,-0.3,0.0,0.19999999999999996,0.09999999999999998,-4.0,-0.17999999999999994,0.5,0.3999999999999999,0.09999999999999998,0.050000000000000044,0.04999999999999999,-0.09999999999999998,0.04999999999999999,-0.2,-0.04999999999999999,0.19999999999999996,0.24999999999999994,1.0,0.07000000000000006,2.0,F,1.464764559746296,1.2383789658491535,0.433099701685921,0.2378613511017008,0.3290389472123782,0.5071449877261328,0.5368941041148131,1-1,0.1124095045280289,validation_pre_match,played,True
60e7f03769a53851,2026-06-15,Saudi Arabia,Uruguay,1.0,1.0,E,0.0,1.0,FIFA World Cup,Miami Gardens,United States,1,1.0,international_results_martj42,True,1706.7397929879928,1987.662211957433,-280.9224189694403,0.16560251845294735,2026-06-09,741.0,2.0,0.0,0.0,1.0,1.6,-0.6,0.8,0.2,0.2,0.6,0.4,0.4,0.4,0.8,4.0,0.4799999999999992,1.2,1.3,-0.1,1.3,0.4,0.1,0.5,0.2,0.4,0.5,0.7,13.0,0.8699999999999999,1.05,1.15,-0.1,1.4,0.4,0.2,0.4,0.25,0.4,0.45,0.45,28.0,0.9749999999999999,2026-03-31,970.0,2.0,0.0,0.0,0.8,1.4,-0.6,1.2,0.2,0.6,0.2,0.4,0.4,0.6,0.4,6.0,0.7199999999999996,1.0,0.9,0.1,1.6,0.4,0.4,0.2,0.6,0.4,0.3,0.3,16.0,1.135,0.85,0.85,0.0,1.3,0.25,0.55,0.2,0.5,0.5,0.35,0.25,26.0,0.9824999999999999,6.0,76.0,3,0.22282742559586893,1.0026672605358378,1.2254946861317069,0.002667260535837802,0.07808506479714922,-229.0,0.0,0.0,0.0,0.19999999999999996,0.20000000000000018,0.0,-0.3999999999999999,0.0,-0.39999999999999997,0.39999999999999997,0.0,0.0,-0.19999999999999996,0.4,-2.0,-0.24000000000000044,0.19999999999999996,0.4,-0.2,-0.30000000000000004,0.0,-0.30000000000000004,0.3,-0.39999999999999997,0.0,0.2,0.39999999999999997,-3.0,-0.2650000000000001,0.20000000000000007,0.29999999999999993,-0.1,0.09999999999999987,0.15000000000000002,-0.35000000000000003,0.2,-0.25,-0.09999999999999998,0.10000000000000003,0.2,2.0,-0.007500000000000062,-70.0,H,0.6356849413000151,1.646997838942845,0.1486918654788525,0.2242205109388067,0.6270876235823406,0.3993629990544121,0.3717999254289882,0-1,0.1760208968229455,validation_pre_match,played,True
7d1860dd399bab1d,2026-06-15,Belgium,Egypt,1.0,1.0,E,0.0,1.0,FIFA World Cup,Seattle,United States,1,1.0,international_results_martj42,True,2039.379441609567,1853.6467346415511,185.73270696801592,0.7444377862026997,2026-06-06,853.0,13.0,2.0,7.0,4.0,0.6,3.4,2.6,0.8,0.2,0.0,0.6,0.0,0.4,0.6,13.0,1.7099999999999997,3.7,0.6,3.1,2.4,0.7,0.3,0.0,0.6,0.1,0.4,0.6,24.0,1.7899999999999998,2.6,1.1,1.5,1.75,0.5,0.25,0.25,0.35,0.2,0.5,0.6,35.0,1.345,2026-06-06,756.0,0.0,0.0,2.0,1.2,0.4,0.8,1.6,0.4,0.4,0.2,0.8,0.4,0.2,0.4,8.0,0.9999999999999997,1.3,0.6,0.7,1.8,0.5,0.3,0.2,0.6,0.4,0.3,0.4,18.0,1.3000000000000003,1.2,0.75,0.45,1.7,0.45,0.35,0.2,0.5,0.35,0.35,0.35,34.0,1.3,9.0,9.0,4,1.345341371641976,1.6558780578352008,3.001219429477177,0.1735960243213735,0.3472883544084821,97.0,13.0,2.0,5.0,2.8,0.19999999999999996,2.5999999999999996,1.0,0.4,-0.2,-0.2,-0.20000000000000007,-0.4,0.2,0.19999999999999996,5.0,0.7100000000000001,2.4000000000000004,0.0,2.4000000000000004,0.5999999999999999,0.19999999999999996,0.0,-0.2,0.0,-0.30000000000000004,0.10000000000000003,0.19999999999999996,6.0,0.48999999999999955,1.4000000000000001,0.3500000000000001,1.05,0.050000000000000044,0.04999999999999999,-0.09999999999999998,0.04999999999999999,-0.15000000000000002,-0.14999999999999997,0.15000000000000002,0.25,1.0,0.04499999999999993,0.0,G,1.9502416265158764,0.8219917616555164,0.6461282262555693,0.1958058542932668,0.1580659194511638,0.5238981963598717,0.4732095259099368,1-0,0.1294513939790226,validation_pre_match,played,True
ea13d9cdadbd8079,2026-06-15,Iran,New Zealand,2.0,2.0,E,1.0,1.0,FIFA World Cup,Inglewood,United States,1,1.0,international_results_martj42,True,1925.2208016390593,1682.7887049052563,242.43209673380306,0.8014770027042157,2026-06-04,612.0,3.0,3.0,4.0,2.2,0.6,1.6,2.0,0.6,0.2,0.2,0.6,0.2,0.4,0.6,10.0,1.2199999999999995,1.7,0.6,1.1,1.7,0.5,0.2,0.3,0.6,0.3,0.3,0.5,17.0,1.1149999999999998,1.85,0.75,1.1,2.05,0.6,0.25,0.15,0.55,0.25,0.4,0.5,41.0,1.5775000000000001,2026-06-06,416.0,0.0,0.0,0.0,0.8,2.0,-1.2,0.6,0.2,0.0,0.8,0.0,0.8,0.2,0.4,3.0,0.4200000000000001,0.7,1.8,-1.1,0.4,0.1,0.1,0.8,0.0,0.6,0.4,0.4,4.0,0.2699999999999999,2.15,1.25,0.9,1.3,0.4,0.1,0.5,0.3,0.35,0.35,0.6,26.0,0.9974999999999998,11.0,9.0,2,2.9999220456911475,0.0,2.9999220456911475,0.9999740152303825,0.00035756904144513304,196.0,3.0,3.0,4.0,1.4000000000000001,-1.4,2.8,1.4,0.39999999999999997,0.2,-0.6000000000000001,0.6,-0.6000000000000001,0.2,0.19999999999999996,7.0,0.7999999999999994,1.0,-1.2000000000000002,2.2,1.2999999999999998,0.4,0.1,-0.5,0.6,-0.3,-0.10000000000000003,0.09999999999999998,13.0,0.8449999999999999,-0.2999999999999998,-0.5,0.20000000000000007,0.7499999999999998,0.19999999999999996,0.15,-0.35,0.25000000000000006,-0.09999999999999998,0.050000000000000044,-0.09999999999999998,15.0,0.5800000000000003,2.0,G,1.9430597770703608,0.859583324624606,0.635337763882349,0.1977782695364458,0.1668839665812052,0.5311731434599963,0.4864482478768837,1-0,0.1254438600984863,validation_pre_match,played,True
efea9ca7efb197a9,2026-06-15,Spain,Cape Verde,0.0,0.0,E,0.0,0.0,FIFA World Cup,Atlanta,United States,1,1.0,international_results_martj42,True,2288.277675067929,1664.7329109909672,623.5447640769619,0.9731275142174901,2026-06-08,783.0,30.0,1.0,2.0,1.8,0.8,1.0,1.8,0.4,0.6,0.0,0.4,0.2,0.6,0.6,9.0,1.1299999999999997,2.8,0.4,2.4,2.4,0.7,0.3,0.0,0.7,0.1,0.3,0.7,24.0,1.8399999999999999,2.65,0.95,1.7,2.3,0.65,0.35,0.0,0.5,0.1,0.5,0.75,46.0,1.8,2026-06-06,235.0,0.0,0.0,0.0,1.4,1.8,-0.4,1.0,0.2,0.4,0.4,0.2,0.2,0.6,0.6,5.0,0.6399999999999999,1.6,1.2,0.4,1.6,0.4,0.4,0.2,0.5,0.2,0.4,0.5,16.0,1.2399999999999998,1.35,0.95,0.4,1.55,0.4,0.35,0.25,0.4,0.25,0.4,0.35,31.0,1.1849999999999998,7.0,9.0,0,,,,,0.0,548.0,30.0,1.0,2.0,0.40000000000000013,-1.0,1.4,0.8,0.2,0.19999999999999996,-0.4,0.2,0.0,0.0,0.0,4.0,0.48999999999999977,1.1999999999999997,-0.7999999999999999,2.0,0.7999999999999998,0.29999999999999993,-0.10000000000000003,-0.2,0.19999999999999996,-0.1,-0.10000000000000003,0.19999999999999996,8.0,0.6000000000000001,1.2999999999999998,0.0,1.2999999999999998,0.7499999999999998,0.25,0.0,-0.25,0.09999999999999998,-0.15,0.09999999999999998,0.4,15.0,0.6150000000000002,-2.0,H,3.9913023701785617,0.605505919521346,0.926066197975298,0.0502767338093859,0.0236570682153161,0.8365649148926017,0.4439536849274391,3-0,0.1071616264985962,validation_pre_match,played,True
a5c74ce6a2411839,2026-06-16,Austria,Jordan,3.0,1.0,L,1.0,1.0,FIFA World Cup,Santa Clara,United States,1,1.0,international_results_martj42,True,1974.9447954380369,1777.7655654307305,197.1792300073064,0.7567705541480292,2026-06-01,860.0,5.0,3.0,5.0,2.0,0.4,1.6,2.6,0.8,0.2,0.0,0.6,0.0,0.4,0.2,13.0,1.7599999999999993,2.7,0.4,2.3,2.5,0.8,0.1,0.1,0.6,0.1,0.3,0.4,25.0,1.9,2.25,0.75,1.5,2.0,0.6,0.2,0.2,0.4,0.1,0.5,0.45,40.0,1.5574999999999999,2026-06-07,485.0,0.0,0.0,0.0,1.4,2.6,-1.2,0.4,0.0,0.4,0.6,0.0,0.2,0.8,0.8,2.0,0.24000000000000016,1.7,1.5,0.2,1.7,0.5,0.2,0.3,0.3,0.1,0.6,0.7,17.0,1.17,1.5,1.5,0.0,1.25,0.35,0.2,0.45,0.3,0.25,0.5,0.6,25.0,0.8749999999999998,15.0,9.0,0,,,,,0.0,375.0,5.0,3.0,5.0,0.6000000000000001,-2.2,2.8,2.2,0.8,-0.2,-0.6,0.6,-0.2,-0.4,-0.6000000000000001,11.0,1.5199999999999991,1.0000000000000002,-1.1,2.0999999999999996,0.8,0.30000000000000004,-0.1,-0.19999999999999998,0.3,0.0,-0.3,-0.29999999999999993,8.0,0.73,0.75,-0.75,1.5,0.75,0.25,0.0,-0.25,0.10000000000000003,-0.15,0.0,-0.14999999999999997,15.0,0.6825000000000001,6.0,J,2.035050416078091,0.880821055193758,0.6489999904196015,0.1898853093456818,0.1611147002347167,0.5576956488261919,0.5017588420129407,1-0,0.1174937615102755,validation_pre_match,played,True
b7a63942e6d7061a,2026-06-16,Iraq,Norway,1.0,4.0,V,1.0,1.0,FIFA World Cup,Foxborough,United States,1,1.0,international_results_martj42,True,1753.613309090667,2040.995645252763,-287.3823361620962,0.16052786962095109,2026-06-09,655.0,0.0,0.0,0.0,0.8,1.0,-0.2,1.4,0.4,0.2,0.4,0.2,0.4,0.4,0.2,7.0,0.9900000000000004,1.1,1.0,0.1,1.7,0.5,0.2,0.3,0.2,0.3,0.5,0.3,17.0,1.255,1.0,1.1,-0.1,1.55,0.45,0.2,0.35,0.3,0.3,0.45,0.35,31.0,1.1774999999999998,2026-06-07,872.0,3.0,0.0,2.0,1.8,1.0,0.8,1.6,0.4,0.4,0.2,0.2,0.2,0.8,0.6,8.0,1.109999999999999,3.1,0.8,2.3,2.1,0.6,0.3,0.1,0.3,0.1,0.7,0.6,21.0,1.5599999999999998,2.95,0.85,2.1,2.3,0.7,0.2,0.1,0.45,0.1,0.55,0.7,46.0,1.8099999999999998,7.0,9.0,0,,,,,0.0,-217.0,-3.0,0.0,-2.0,-1.0,0.0,-1.0,-0.20000000000000018,0.0,-0.2,0.2,0.0,0.2,-0.4,-0.39999999999999997,-1.0,-0.11999999999999855,-2.0,0.19999999999999996,-2.1999999999999997,-0.40000000000000013,-0.09999999999999998,-0.09999999999999998,0.19999999999999998,-0.09999999999999998,0.19999999999999998,-0.19999999999999996,-0.3,-4.0,-0.30499999999999994,-1.9500000000000002,0.2500000000000001,-2.2,-0.7499999999999998,-0.24999999999999994,0.0,0.24999999999999997,-0.15000000000000002,0.19999999999999998,-0.10000000000000003,-0.35,-15.0,-0.6325000000000001,-2.0,I,0.8480011488145094,2.399075711100469,0.1200957814061633,0.1567307383156601,0.7231734802781763,0.6298185275604294,0.5138797242737243,0-2,0.1119151748589009,validation_pre_match,played,True
c235dc3e393ecc13,2026-06-16,France,Senegal,3.0,1.0,L,1.0,1.0,FIFA World Cup,East Rutherford,United States,1,1.0,international_results_martj42,True,2177.2385659990828,1946.4516794640392,230.78688653504355,0.7905950762959051,2026-06-08,935.0,1.0,1.0,13.0,2.4,1.2,1.2,2.4,0.8,0.0,0.2,0.0,0.0,1.0,1.0,12.0,1.5899999999999994,2.5,0.9,1.6,2.5,0.8,0.1,0.1,0.3,0.0,0.7,0.9,25.0,1.9,2.25,1.1,1.15,2.2,0.7,0.1,0.2,0.35,0.1,0.6,0.7,44.0,1.7099999999999997,2026-06-09,638.0,1.0,0.0,0.0,1.4,1.4,0.0,1.4,0.4,0.2,0.4,0.4,0.4,0.4,0.6,7.0,0.8399999999999996,1.6,0.9,0.7,2.0,0.6,0.2,0.2,0.5,0.2,0.4,0.5,20.0,1.4600000000000002,2.35,0.75,1.6,2.25,0.7,0.15,0.15,0.55,0.15,0.35,0.55,45.0,1.6975000000000002,8.0,7.0,2,0.0,1.0000011320896918,1.0000011320896918,0.0,0.0002214462121915885,297.0,0.0,1.0,13.0,1.0,-0.19999999999999996,1.2,1.0,0.4,-0.2,-0.2,-0.4,-0.4,0.6,0.4,5.0,0.7499999999999998,0.8999999999999999,0.0,0.9000000000000001,0.5,0.20000000000000007,-0.1,-0.1,-0.2,-0.2,0.29999999999999993,0.4,5.0,0.4399999999999997,-0.10000000000000009,0.3500000000000001,-0.4500000000000002,-0.04999999999999982,0.0,-0.04999999999999999,0.05000000000000002,-0.20000000000000007,-0.04999999999999999,0.25,0.1499999999999999,-1.0,0.012499999999999512,1.0,I,2.1662909453790067,0.8827758212036122,0.6740406469740927,0.1781975119386969,0.1477618410872102,0.5877054569697236,0.5123679755630065,2-0,0.1112290373534813,validation_pre_match,played,True
c3d1b13169e8fa58,2026-06-16,Argentina,Algeria,3.0,0.0,L,1.0,0.0,FIFA World Cup,Kansas City,United States,1,1.0,international_results_martj42,True,2228.501356399576,1961.3634331125595,267.1379232870163,0.8231402421609627,2026-06-09,1069.0,7.0,7.0,7.0,2.8,0.2,2.6,3.0,1.0,0.0,0.0,0.8,0.0,0.2,0.6,15.0,1.7999999999999998,2.5,0.3,2.2,2.5,0.8,0.1,0.1,0.7,0.1,0.2,0.5,25.0,1.5999999999999999,2.25,0.45,1.8,2.35,0.75,0.1,0.15,0.65,0.05,0.3,0.5,47.0,1.7424999999999997,2026-06-10,617.0,4.0,2.0,2.0,2.4,0.4,2.0,2.0,0.6,0.2,0.2,0.8,0.4,0.0,0.4,10.0,1.2,2.1,0.4,1.7,2.3,0.7,0.2,0.1,0.7,0.2,0.2,0.4,23.0,1.6300000000000001,2.2,0.6,1.6,2.3,0.7,0.2,0.1,0.6,0.2,0.35,0.5,46.0,1.6650000000000003,7.0,6.0,1,4.0,3.0,7.0,1.0,0.001280147097829244,452.0,3.0,5.0,5.0,0.3999999999999999,-0.2,0.6000000000000001,1.0,0.4,-0.2,-0.2,0.0,-0.4,0.2,0.19999999999999996,5.0,0.5999999999999999,0.3999999999999999,-0.10000000000000003,0.5000000000000002,0.20000000000000018,0.10000000000000009,-0.1,0.0,0.0,-0.1,0.0,0.09999999999999998,2.0,-0.03000000000000025,0.04999999999999982,-0.14999999999999997,0.19999999999999996,0.050000000000000266,0.050000000000000044,-0.1,0.04999999999999999,0.050000000000000044,-0.15000000000000002,-0.04999999999999999,0.0,1.0,0.07749999999999946,1.0,J,2.146338248718201,0.6744984608165233,0.7203149847030553,0.1695514051684771,0.1101336101284678,0.5354910765394421,0.4267652984036497,2-0,0.1371827144269704,validation_pre_match,played,True
6298f6de9df2f2a2,2026-06-17,Ghana,Panama,1.0,0.0,L,0.0,0.0,FIFA World Cup,Toronto,Canada,1,1.0,international_results_martj42,True,1631.9891415274174,1839.123480994784,-207.13433946736654,0.23283691986715419,2026-06-02,671.0,1.0,0.0,1.0,0.6,2.2,-1.6,0.2,0.0,0.2,0.8,0.0,0.4,0.6,0.4,1.0,0.12000000000000044,1.1,1.4,-0.3,1.1,0.3,0.2,0.5,0.3,0.3,0.4,0.3,11.0,0.9099999999999999,1.35,1.15,0.2,1.15,0.3,0.25,0.45,0.35,0.3,0.4,0.4,23.0,0.9349999999999998,2026-06-06,539.0,2.0,0.0,5.0,2.0,2.2,-0.2,1.6,0.4,0.4,0.2,0.0,0.0,1.0,0.6,8.0,0.9600000000000005,1.8,1.6,0.2,1.6,0.4,0.4,0.2,0.1,0.1,0.8,0.5,16.0,1.135,1.85,1.15,0.7,1.85,0.5,0.35,0.15,0.3,0.1,0.65,0.45,37.0,1.435,15.0,11.0,0,,,,,0.0,132.0,-1.0,0.0,-4.0,-1.4,0.0,-1.4000000000000001,-1.4000000000000001,-0.4,-0.2,0.6000000000000001,0.0,0.4,-0.4,-0.19999999999999996,-7.0,-0.8400000000000001,-0.7,-0.20000000000000018,-0.5,-0.5,-0.10000000000000003,-0.2,0.3,0.19999999999999998,0.19999999999999998,-0.4,-0.2,-5.0,-0.2250000000000001,-0.5,0.0,-0.49999999999999994,-0.7000000000000002,-0.2,-0.09999999999999998,0.30000000000000004,0.04999999999999999,0.19999999999999998,-0.25,-0.04999999999999999,-14.0,-0.5000000000000002,4.0,L,0.98279334658576,1.787825458755926,0.2138584018284244,0.2150345363048067,0.5711070618667689,0.5235119410430503,0.5127826197897195,0-1,0.1202122515803387,validation_pre_match,played,True
a7d87fa7e5fa5c99,2026-06-17,England,Croatia,4.0,2.0,L,1.0,1.0,FIFA World Cup,Arlington,United States,1,1.0,international_results_martj42,True,2113.2274762591965,2017.2377865192104,95.98968973998603,0.6347295748415215,2026-06-10,1090.0,2.0,2.0,2.0,1.4,0.4,1.0,2.0,0.6,0.2,0.2,0.6,0.2,0.2,0.2,10.0,1.35,2.4,0.2,2.2,2.5,0.8,0.1,0.1,0.8,0.1,0.1,0.4,25.0,1.875,2.35,0.4,1.95,2.45,0.8,0.05,0.15,0.75,0.05,0.2,0.5,49.0,1.92,2026-06-07,396.0,1.0,1.0,1.0,1.6,1.8,-0.2,1.8,0.6,0.0,0.4,0.0,0.2,0.8,0.8,9.0,1.2299999999999993,1.9,1.0,0.9,2.2,0.7,0.1,0.2,0.4,0.2,0.5,0.7,22.0,1.72,2.05,1.05,1.0,1.95,0.6,0.15,0.25,0.35,0.2,0.5,0.6,39.0,1.555,7.0,10.0,5,1.0365136290684136,0.5249581895918541,1.5614718186602679,0.6542399977593839,0.37670474469846316,694.0,1.0,1.0,1.0,-0.20000000000000018,-1.4,1.2,0.19999999999999996,0.0,0.2,-0.2,0.6,0.0,-0.6000000000000001,-0.6000000000000001,1.0,0.12000000000000077,0.5,-0.8,1.3000000000000003,0.2999999999999998,0.10000000000000009,0.0,-0.1,0.4,-0.1,-0.4,-0.29999999999999993,3.0,0.15500000000000003,0.30000000000000027,-0.65,0.95,0.5000000000000002,0.20000000000000007,-0.09999999999999999,-0.1,0.4,-0.15000000000000002,-0.3,-0.09999999999999998,10.0,0.365,-3.0,L,1.635839975268576,1.024002975138207,0.5253115518185957,0.22880375591522,0.2458846922661839,0.4964871809960626,0.5072268008785316,1-0,0.1232314030081649,validation_pre_match,played,True
c8fff951117ec882,2026-06-17,Portugal,DR Congo,1.0,1.0,E,0.0,1.0,FIFA World Cup,Houston,United States,1,1.0,international_results_martj42,True,2105.1635616110134,1768.0668513025194,337.09671030849404,0.8744053777181546,2026-06-10,695.0,5.0,3.0,3.0,3.0,0.6,2.4,2.6,0.8,0.2,0.0,0.4,0.2,0.6,0.6,13.0,1.7100000000000002,2.6,0.9,1.7,2.3,0.7,0.2,0.1,0.4,0.2,0.5,0.6,23.0,1.7049999999999996,2.4,1.0,1.4,2.2,0.65,0.25,0.1,0.25,0.2,0.65,0.65,44.0,1.6925000000000001,2026-06-09,524.0,0.0,0.0,1.0,0.8,0.6,0.2,1.4,0.4,0.2,0.4,0.6,0.4,0.2,0.2,7.0,0.9900000000000005,1.1,0.5,0.6,1.8,0.5,0.3,0.2,0.6,0.2,0.3,0.2,18.0,1.395,1.35,0.65,0.7,1.95,0.6,0.15,0.25,0.55,0.15,0.35,0.3,39.0,1.515,7.0,8.0,0,,,,,0.0,171.0,5.0,3.0,2.0,2.2,0.0,2.1999999999999997,1.2000000000000002,0.4,0.0,-0.4,-0.19999999999999996,-0.2,0.39999999999999997,0.39999999999999997,6.0,0.7199999999999996,1.5,0.4,1.1,0.4999999999999998,0.19999999999999996,-0.09999999999999998,-0.1,-0.19999999999999996,0.0,0.2,0.39999999999999997,5.0,0.3099999999999996,1.0499999999999998,0.35,0.7,0.2500000000000002,0.050000000000000044,0.1,-0.15,-0.30000000000000004,0.05000000000000002,0.30000000000000004,0.35000000000000003,5.0,0.1775000000000002,-1.0,K,2.193352948121285,0.7269611132294969,0.7160684433144988,0.1679797005468705,0.1159518561386309,0.5587135608971077,0.452550009180506,2-0,0.1296937747867468,validation_pre_match,played,True
d5f0bcd22b536299,2026-06-17,Uzbekistan,Colombia,1.0,3.0,V,1.0,1.0,FIFA World Cup,Mexico City,Mexico,1,1.0,international_results_martj42,True,1837.4728105218292,2093.920674848963,-256.44786432713363,0.1859971412769928,2026-06-08,354.0,0.0,0.0,1.0,1.2,1.4,-0.2,1.0,0.2,0.4,0.4,0.2,0.4,0.6,0.6,5.0,0.68,1.4,0.9,0.5,1.5,0.4,0.3,0.3,0.5,0.3,0.4,0.5,15.0,1.0549999999999997,1.25,0.8,0.45,1.7,0.45,0.35,0.2,0.6,0.3,0.35,0.4,34.0,1.3225,2026-06-07,638.0,2.0,2.0,6.0,2.0,1.2,0.8,1.8,0.6,0.0,0.4,0.4,0.0,0.6,0.8,9.0,1.0799999999999994,2.5,1.0,1.5,2.2,0.7,0.1,0.2,0.5,0.1,0.5,0.8,22.0,1.47,1.9,1.1,0.8,1.6,0.45,0.25,0.3,0.35,0.2,0.55,0.65,32.0,1.1599999999999997,9.0,10.0,0,,,,,0.0,-284.0,-2.0,-2.0,-5.0,-0.8,0.19999999999999996,-1.0,-0.8,-0.39999999999999997,0.4,0.0,-0.2,0.4,0.0,-0.20000000000000007,-4.0,-0.39999999999999936,-1.1,-0.09999999999999998,-1.0,-0.7000000000000002,-0.29999999999999993,0.19999999999999998,0.09999999999999998,0.0,0.19999999999999998,-0.09999999999999998,-0.30000000000000004,-7.0,-0.41500000000000026,-0.6499999999999999,-0.30000000000000004,-0.35000000000000003,0.09999999999999987,0.0,0.09999999999999998,-0.09999999999999998,0.25,0.09999999999999998,-0.20000000000000007,-0.25,2.0,0.1625000000000003,-1.0,K,0.7725633126045375,2.3062091893945764,0.1147899027727592,0.1603216571174243,0.7248884401098163,0.5942123847565841,0.4783989749468709,0-2,0.1223732828609313,validation_pre_match,played,True
21cb9869f780f228,2026-06-18,Mexico,South Korea,1.0,0.0,L,0.0,0.0,FIFA World Cup,Zapopan,Mexico,0,1.0,international_results_martj42,True,2028.8589830675492,1943.1827156727593,85.67626739478987,0.6858989096468282,2026-06-11,1004.0,9.0,4.0,5.0,2.2,0.4,1.8,2.6,0.8,0.2,0.0,0.6,0.0,0.4,0.2,13.0,1.8000000000000003,1.8,0.4,1.4,2.3,0.7,0.2,0.1,0.7,0.1,0.3,0.3,23.0,1.5,1.4,0.6,0.8,2.0,0.55,0.35,0.1,0.65,0.25,0.3,0.3,40.0,1.3900000000000001,2026-06-11,1008.0,3.0,3.0,3.0,1.6,1.2,0.4,1.8,0.6,0.0,0.4,0.4,0.4,0.2,0.6,9.0,1.3199999999999994,1.5,1.3,0.2,1.9,0.6,0.1,0.3,0.5,0.3,0.2,0.5,19.0,1.2599999999999998,1.85,1.0,0.85,2.15,0.65,0.2,0.15,0.45,0.15,0.4,0.45,43.0,1.6125,7.0,7.0,5,2.169386842950678,1.9100214856926867,4.079408328643364,0.2200326670724858,0.9795507461809252,-4.0,6.0,1.0,2.0,0.6000000000000001,-0.7999999999999999,1.4,0.8,0.20000000000000007,0.2,-0.4,0.19999999999999996,-0.4,0.2,-0.39999999999999997,4.0,0.48000000000000087,0.30000000000000004,-0.9,1.2,0.3999999999999999,0.09999999999999998,0.1,-0.19999999999999998,0.19999999999999996,-0.19999999999999998,0.09999999999999998,-0.2,4.0,0.2400000000000002,-0.4500000000000002,-0.4,-0.04999999999999993,-0.1499999999999999,-0.09999999999999998,0.14999999999999997,-0.04999999999999999,0.2,0.1,-0.10000000000000003,-0.15000000000000002,-3.0,-0.22249999999999992,0.0,A,1.4997645562974569,0.6373313116930663,0.5902163987872483,0.2438581244893382,0.1659254767234133,0.3603749163074182,0.3576537468846726,1-0,0.1854268896744079,validation_pre_match,played,True
837d6934cc9f4341,2026-06-18,Canada,Qatar,6.0,0.0,L,1.0,0.0,FIFA World Cup,Vancouver,Canada,0,1.0,international_results_martj42,True,1945.8156111947944,1569.7744141793999,376.0411970153946,0.9207433690541708,2026-06-12,470.0,8.0,0.0,3.0,1.2,0.8,0.4,1.4,0.2,0.8,0.0,0.4,0.2,0.6,0.2,7.0,0.9199999999999999,0.9,0.5,0.4,1.5,0.3,0.6,0.1,0.6,0.4,0.3,0.1,15.0,0.9399999999999998,1.55,0.6,0.95,1.8,0.45,0.45,0.1,0.55,0.3,0.35,0.3,36.0,1.2600000000000002,2026-06-13,636.0,2.0,0.0,1.0,0.4,1.2,-0.8,0.6,0.0,0.6,0.4,0.2,0.6,0.4,0.2,3.0,0.4599999999999998,0.6,1.4,-0.8,0.7,0.1,0.4,0.5,0.2,0.5,0.5,0.4,7.0,0.5700000000000001,1.0,1.7,-0.7,0.85,0.15,0.4,0.45,0.15,0.35,0.6,0.55,17.0,0.6699999999999999,6.0,5.0,1,2.0,0.0,2.0,1.0,0.27061721002225003,-166.0,6.0,0.0,2.0,0.7999999999999999,-0.3999999999999999,1.2000000000000002,0.7999999999999999,0.2,0.20000000000000007,-0.4,0.2,-0.39999999999999997,0.19999999999999996,0.0,4.0,0.46000000000000013,0.30000000000000004,-0.8999999999999999,1.2000000000000002,0.8,0.19999999999999998,0.19999999999999996,-0.4,0.39999999999999997,-0.09999999999999998,-0.2,-0.30000000000000004,8.0,0.3699999999999998,0.55,-1.1,1.65,0.9500000000000001,0.30000000000000004,0.04999999999999999,-0.35,0.4,-0.04999999999999999,-0.25,-0.25000000000000006,19.0,0.5900000000000003,1.0,B,2.2861182243370832,0.5215294996214445,0.7800651294938221,0.1460178561681517,0.0739170143380263,0.5323542877227946,0.3596769688345163,2-0,0.1577006902865764,validation_pre_match,played,True
980a6822ca1b13ab,2026-06-18,Czech Republic,South Africa,1.0,1.0,E,0.0,1.0,FIFA World Cup,Atlanta,United States,1,1.0,international_results_martj42,True,1847.0044339398867,1679.0683127146222,167.93612122526451,0.7244648471189629,2026-06-11,361.0,0.0,0.0,8.0,2.4,1.6,0.8,1.6,0.4,0.4,0.2,0.0,0.0,1.0,1.0,8.0,1.0599999999999994,2.1,1.1,1.0,1.6,0.4,0.4,0.2,0.3,0.1,0.7,0.7,16.0,1.1099999999999999,2.0,1.05,0.95,1.95,0.55,0.3,0.15,0.4,0.1,0.6,0.6,39.0,1.505,2026-06-11,481.0,0.0,0.0,0.0,0.6,1.0,-0.4,1.0,0.2,0.4,0.4,0.4,0.4,0.4,0.2,5.0,0.6,1.2,1.2,0.0,1.4,0.4,0.2,0.4,0.2,0.3,0.6,0.5,14.0,0.96,1.4,0.8,0.6,1.75,0.5,0.25,0.25,0.5,0.3,0.35,0.45,35.0,1.3074999999999999,7.0,7.0,1,2.0,2.0,4.0,0.0,4.635449301292406e-05,-120.0,0.0,0.0,8.0,1.7999999999999998,0.6000000000000001,1.2000000000000002,0.6000000000000001,0.2,0.0,-0.2,-0.4,-0.4,0.6,0.8,3.0,0.4599999999999994,0.9000000000000001,-0.09999999999999987,1.0,0.20000000000000018,0.0,0.2,-0.2,0.09999999999999998,-0.19999999999999998,0.09999999999999998,0.19999999999999996,2.0,0.1499999999999999,0.6000000000000001,0.25,0.35,0.19999999999999996,0.050000000000000044,0.04999999999999999,-0.1,-0.09999999999999998,-0.19999999999999998,0.25,0.14999999999999997,4.0,0.1975,0.0,A,1.798244263377038,0.9760431974575624,0.5751209032828197,0.2140070705679127,0.2108720261492672,0.5243932073276139,0.5117917670639898,1-0,0.1204132479442494,validation_pre_match,played,True
ae4e08b967a18d3b,2026-06-18,Switzerland,Bosnia and Herzegovina,4.0,1.0,L,1.0,1.0,FIFA World Cup,Inglewood,United States,1,1.0,international_results_martj42,True,2003.3847218215633,1695.9648979654319,307.4198238561314,0.8544142341913451,2026-06-13,885.0,4.0,0.0,3.0,1.8,1.4,0.4,1.2,0.2,0.6,0.2,0.2,0.2,0.8,0.4,6.0,0.7999999999999997,1.9,0.9,1.0,1.7,0.4,0.5,0.1,0.4,0.2,0.6,0.4,17.0,1.335,2.05,1.25,0.8,1.6,0.4,0.4,0.2,0.3,0.15,0.65,0.55,32.0,1.175,2026-06-12,284.0,9.0,0.0,2.0,0.8,0.8,0.0,1.0,0.0,1.0,0.0,0.2,0.2,0.8,0.0,5.0,0.7799999999999998,1.5,1.1,0.4,1.3,0.2,0.7,0.1,0.1,0.1,0.9,0.4,13.0,0.9949999999999999,1.4,1.3,0.1,1.35,0.3,0.45,0.25,0.25,0.2,0.65,0.45,27.0,1.0875,5.0,6.0,1,0.0,2.0,2.0,0.0,0.027955566334230908,601.0,-5.0,0.0,1.0,1.0,0.5999999999999999,0.4,0.19999999999999996,0.2,-0.4,0.2,0.0,0.0,0.0,0.4,1.0,0.019999999999999907,0.3999999999999999,-0.20000000000000007,0.6,0.3999999999999999,0.2,-0.19999999999999996,0.0,0.30000000000000004,0.1,-0.30000000000000004,0.0,4.0,0.3400000000000001,0.6499999999999999,-0.050000000000000044,0.7000000000000001,0.25,0.10000000000000003,-0.04999999999999999,-0.04999999999999999,0.04999999999999999,-0.05000000000000002,0.0,0.10000000000000003,5.0,0.08750000000000013,-1.0,B,2.248830612189738,0.7795335229596498,0.7133932063869549,0.165786072374921,0.120820721238124,0.5831244863062682,0.4778879237642843,2-0,0.1223748383438914,validation_pre_match,played,True
2b0010f3d3b09373,2026-06-19,Turkey,Paraguay,0.0,1.0,V,0.0,0.0,FIFA World Cup,Santa Clara,United States,1,1.0,international_results_martj42,True,1993.7441877822039,1905.1119281513122,88.63225963089167,0.6248553034550667,2026-06-13,643.0,0.0,0.0,0.0,1.6,0.6,1.0,2.4,0.8,0.0,0.2,0.6,0.2,0.2,0.4,12.0,1.739999999999999,2.2,1.3,0.9,2.2,0.7,0.1,0.2,0.4,0.2,0.4,0.6,22.0,1.7199999999999995,2.1,1.2,0.9,2.2,0.7,0.1,0.2,0.35,0.2,0.5,0.65,44.0,1.7175,2026-06-12,784.0,0.0,0.0,6.0,1.8,1.4,0.4,1.8,0.6,0.0,0.4,0.4,0.0,0.6,0.8,9.0,1.0799999999999996,1.3,1.3,0.0,1.4,0.4,0.2,0.4,0.4,0.2,0.5,0.6,14.0,0.95,1.25,1.0,0.25,1.65,0.45,0.3,0.25,0.45,0.25,0.45,0.5,33.0,1.2825,6.0,7.0,0,,,,,0.0,-141.0,0.0,0.0,-6.0,-0.19999999999999996,-0.7999999999999999,0.6,0.5999999999999999,0.20000000000000007,0.0,-0.2,0.19999999999999996,0.2,-0.39999999999999997,-0.4,3.0,0.6599999999999995,0.9000000000000001,0.0,0.9,0.8000000000000003,0.29999999999999993,-0.1,-0.2,0.0,0.0,-0.09999999999999998,0.0,8.0,0.7699999999999996,0.8500000000000001,0.19999999999999996,0.65,0.5500000000000003,0.24999999999999994,-0.19999999999999998,-0.04999999999999999,-0.10000000000000003,-0.04999999999999999,0.04999999999999999,0.15000000000000002,11.0,0.43500000000000005,-1.0,D,1.384114464448827,1.316286808479661,0.3958128536249192,0.2396265354436925,0.3645606109313883,0.506473599917289,0.5393244273288738,1-1,0.1132126807902375,validation_pre_match,played,True
4c7af33073234782,2026-06-19,United States,Australia,2.0,0.0,L,0.0,0.0,FIFA World Cup,Seattle,United States,0,1.0,international_results_martj42,True,1939.7749568144404,1961.6062818450291,-21.831325030588687,0.5404493919126764,2026-06-12,791.0,1.0,1.0,3.0,2.0,2.4,-0.4,1.2,0.4,0.0,0.6,0.0,0.2,0.8,0.8,6.0,0.9599999999999996,2.2,1.6,0.6,1.9,0.6,0.1,0.3,0.1,0.1,0.8,0.7,19.0,1.26,1.85,1.6,0.25,1.6,0.5,0.1,0.4,0.15,0.15,0.7,0.75,32.0,1.15,2026-06-13,582.0,2.0,1.0,2.0,1.8,0.6,1.2,2.0,0.6,0.2,0.2,0.4,0.2,0.4,0.2,10.0,1.56,1.4,1.0,0.4,1.6,0.5,0.1,0.4,0.3,0.3,0.4,0.4,16.0,1.17,1.55,0.8,0.75,1.9,0.55,0.25,0.2,0.4,0.25,0.45,0.4,38.0,1.4975,7.0,6.0,4,2.004428486793516,0.9999199536823955,3.004348440475911,0.9999114271702446,0.792200953125961,209.0,-1.0,0.0,1.0,0.19999999999999996,1.7999999999999998,-1.6,-0.8,-0.19999999999999996,-0.2,0.39999999999999997,-0.4,0.0,0.4,0.6000000000000001,-4.0,-0.6000000000000004,0.8000000000000003,0.6000000000000001,0.19999999999999996,0.2999999999999998,0.09999999999999998,0.0,-0.10000000000000003,-0.19999999999999998,-0.19999999999999998,0.4,0.29999999999999993,3.0,0.09000000000000008,0.30000000000000004,0.8,-0.5,-0.2999999999999998,-0.050000000000000044,-0.15,0.2,-0.25,-0.1,0.24999999999999994,0.35,-6.0,-0.34750000000000014,1.0,D,1.2577403562982683,1.1664431800737796,0.3944684590632456,0.2551446946183801,0.3503868463183742,0.4365966197179684,0.4830385166633516,1-0,0.1211167192484331,validation_pre_match,played,True
7023d73365445dd8,2026-06-19,Scotland,Morocco,0.0,1.0,V,0.0,0.0,FIFA World Cup,Foxborough,United States,1,1.0,international_results_martj42,True,1895.9724108013831,2065.2407754846945,-169.26836468331135,0.27400693759851413,2026-06-13,852.0,3.0,3.0,3.0,1.8,0.6,1.2,1.8,0.6,0.0,0.4,0.4,0.4,0.2,0.4,9.0,1.3199999999999998,2.2,1.0,1.2,2.1,0.7,0.0,0.3,0.3,0.2,0.5,0.6,21.0,1.6799999999999997,1.65,1.05,0.6,1.75,0.55,0.1,0.35,0.4,0.25,0.45,0.6,35.0,1.3725,2026-06-13,618.0,39.0,0.0,7.0,2.6,0.6,2.0,2.2,0.6,0.4,0.0,0.4,0.0,0.6,0.6,11.0,1.4000000000000001,2.0,0.4,1.6,2.2,0.6,0.4,0.0,0.6,0.1,0.4,0.4,22.0,1.56,2.05,0.4,1.65,2.4,0.7,0.3,0.0,0.65,0.1,0.35,0.45,48.0,1.7100000000000002,6.0,6.0,1,0.0,3.0,3.0,0.0,5.5664552782817764e-05,234.0,-36.0,3.0,-4.0,-0.8,0.0,-0.8,-0.40000000000000013,0.0,-0.4,0.4,0.0,0.4,-0.39999999999999997,-0.19999999999999996,-2.0,-0.0800000000000003,0.20000000000000018,0.6,-0.40000000000000013,-0.10000000000000009,0.09999999999999998,-0.4,0.3,-0.3,0.1,0.09999999999999998,0.19999999999999996,-1.0,0.11999999999999966,-0.3999999999999999,0.65,-1.0499999999999998,-0.6499999999999999,-0.1499999999999999,-0.19999999999999998,0.35,-0.25,0.15,0.10000000000000003,0.14999999999999997,-13.0,-0.33750000000000013,0.0,C,0.957897582199594,1.8362200754758489,0.2016439728498957,0.2102697517769877,0.5880862753731164,0.529141158272795,0.5099815188835948,0-1,0.1203891610930226,validation_pre_match,played,True
9b0ff40dcbfa944a,2026-06-19,Brazil,Haiti,3.0,0.0,L,1.0,0.0,FIFA World Cup,Philadelphia,United States,1,1.0,international_results_martj42,True,2113.6714096716155,1667.9482751049509,445.7231345666646,0.9286270734711618,2026-06-13,1060.0,4.0,0.0,9.0,2.6,1.4,1.2,2.0,0.6,0.2,0.2,0.0,0.0,1.0,0.8,10.0,1.2799999999999998,2.3,1.2,1.1,1.7,0.5,0.2,0.3,0.2,0.1,0.7,0.6,17.0,1.06,1.9,1.05,0.85,1.75,0.5,0.25,0.25,0.3,0.15,0.6,0.55,35.0,1.295,2026-06-13,511.0,0.0,0.0,0.0,1.2,1.0,0.2,0.8,0.2,0.2,0.6,0.2,0.4,0.4,0.4,4.0,0.48,1.5,1.1,0.4,1.4,0.4,0.2,0.4,0.4,0.3,0.3,0.5,14.0,1.0899999999999999,2.1,1.15,0.95,1.55,0.45,0.2,0.35,0.45,0.25,0.35,0.6,31.0,1.205,6.0,6.0,3,6.9842011003475415,0.9842018762398688,7.968402976587411,1.0,0.030374939853623818,549.0,4.0,0.0,9.0,1.4000000000000001,0.3999999999999999,1.0,1.2,0.39999999999999997,0.0,-0.39999999999999997,-0.2,-0.4,0.6,0.4,6.0,0.7999999999999998,0.7999999999999998,0.09999999999999987,0.7000000000000001,0.30000000000000004,0.09999999999999998,0.0,-0.10000000000000003,-0.2,-0.19999999999999998,0.39999999999999997,0.09999999999999998,3.0,-0.029999999999999805,-0.20000000000000018,-0.09999999999999987,-0.09999999999999998,0.19999999999999996,0.04999999999999999,0.04999999999999999,-0.09999999999999998,-0.15000000000000002,-0.1,0.25,-0.04999999999999993,4.0,0.08999999999999986,0.0,C,3.0422776575413057,0.5773936971919197,0.8615514334883861,0.0920004508656031,0.0464481156460106,0.7006226126468782,0.4141682212671044,3-0,0.1257721862046571,validation_pre_match,played,True
05ae05f5791fbfad,2026-06-20,Tunisia,Japan,0.0,4.0,V,1.0,0.0,FIFA World Cup,Guadalupe,Mexico,1,1.0,international_results_martj42,True,1718.312948761657,2064.130872695628,-345.8179239339711,0.12018409533390097,2026-06-14,679.0,0.0,0.0,1.0,0.4,2.2,-1.8,0.8,0.2,0.2,0.6,0.4,0.6,0.2,0.4,4.0,0.4800000000000004,1.2,1.7,-0.5,1.2,0.3,0.3,0.4,0.3,0.3,0.5,0.5,12.0,0.85,1.6,1.3,0.3,1.5,0.4,0.3,0.3,0.35,0.25,0.45,0.5,30.0,1.1199999999999999,2026-06-14,791.0,8.0,0.0,8.0,1.6,0.4,1.2,2.6,0.8,0.2,0.0,0.8,0.0,0.2,0.4,13.0,1.6999999999999997,1.5,0.8,0.7,2.1,0.6,0.3,0.1,0.6,0.2,0.3,0.4,21.0,1.4,2.25,0.55,1.7,2.2,0.65,0.25,0.1,0.65,0.2,0.25,0.45,44.0,1.6774999999999998,6.0,6.0,5,2.7714492447798897,0.1509156071837459,2.922364851963636,0.9238164149266299,0.2654025432491818,-112.0,-8.0,0.0,-7.0,-1.2000000000000002,1.8000000000000003,-3.0,-1.8,-0.6000000000000001,0.0,0.6,-0.4,0.6,0.0,0.0,-9.0,-1.2199999999999993,-0.30000000000000004,0.8999999999999999,-1.2,-0.9000000000000001,-0.3,0.0,0.30000000000000004,-0.3,0.09999999999999998,0.2,0.09999999999999998,-9.0,-0.5499999999999999,-0.6499999999999999,0.75,-1.4,-0.7000000000000002,-0.25,0.04999999999999999,0.19999999999999998,-0.30000000000000004,0.04999999999999999,0.2,0.04999999999999999,-14.0,-0.5574999999999999,0.0,F,,,,,,,,,,,played,False
605451ea3d0f42f8,2026-06-20,Germany,Ivory Coast,2.0,1.0,L,1.0,1.0,FIFA World Cup,Toronto,Canada,1,1.0,international_results_martj42,True,2099.0386563281713,1932.9771616477528,166.0614946804185,0.7223055430058662,2026-06-14,1032.0,10.0,10.0,10.0,3.8,1.2,2.6,3.0,1.0,0.0,0.0,0.2,0.0,0.8,1.0,15.0,2.04,3.5,0.7,2.8,3.0,1.0,0.0,0.0,0.5,0.0,0.5,0.8,30.0,2.295,2.7,1.05,1.65,2.25,0.7,0.15,0.15,0.35,0.1,0.55,0.7,45.0,1.7474999999999998,2026-06-14,637.0,4.0,4.0,10.0,2.0,0.8,1.2,2.4,0.8,0.0,0.2,0.6,0.0,0.4,0.6,12.0,1.6800000000000002,2.0,0.7,1.3,2.5,0.8,0.1,0.1,0.6,0.0,0.4,0.5,25.0,1.8200000000000003,1.85,0.45,1.4,2.25,0.7,0.15,0.15,0.7,0.2,0.2,0.4,45.0,1.7449999999999999,6.0,6.0,1,2.0,2.0,4.0,0.0,0.0030122588777304216,395.0,6.0,6.0,0.0,1.7999999999999998,0.3999999999999999,1.4000000000000001,0.6000000000000001,0.19999999999999996,0.0,-0.2,-0.39999999999999997,0.0,0.4,0.4,3.0,0.3599999999999999,1.5,0.0,1.4999999999999998,0.5,0.19999999999999996,-0.1,-0.1,-0.09999999999999998,0.0,0.09999999999999998,0.30000000000000004,5.0,0.47499999999999964,0.8500000000000001,0.6000000000000001,0.25,0.0,0.0,0.0,0.0,-0.35,-0.1,0.35000000000000003,0.29999999999999993,0.0,0.0024999999999999467,0.0,E,,,,,,,,,,,played,False
61e0460e91e23589,2026-06-20,Ecuador,Curaçao,0.0,0.0,E,0.0,0.0,FIFA World Cup,Kansas City,United States,1,1.0,international_results_martj42,True,2027.795024817804,1567.2545823241117,460.54044249369235,0.9340777643129544,2026-06-14,592.0,0.0,0.0,0.0,1.4,0.8,0.6,1.6,0.4,0.4,0.2,0.2,0.2,0.6,0.4,8.0,0.9599999999999997,1.2,0.6,0.6,1.7,0.4,0.5,0.1,0.4,0.2,0.5,0.2,17.0,1.095,1.0,0.35,0.65,1.75,0.4,0.55,0.05,0.65,0.4,0.3,0.2,35.0,1.3124999999999998,2026-06-14,386.0,0.0,0.0,4.0,1.4,3.6,-2.2,0.6,0.2,0.0,0.8,0.2,0.2,0.6,0.8,3.0,0.3599999999999996,2.0,2.1,-0.1,1.4,0.4,0.2,0.4,0.4,0.2,0.5,0.6,14.0,1.1149999999999998,2.05,1.4,0.65,1.6,0.45,0.25,0.3,0.45,0.25,0.45,0.55,32.0,1.295,6.0,6.0,0,,,,,0.0,206.0,0.0,0.0,-4.0,0.0,-2.8,2.8000000000000003,1.0,0.2,0.4,-0.6000000000000001,0.0,0.0,0.0,-0.4,5.0,0.6000000000000001,-0.8,-1.5,0.7,0.30000000000000004,0.0,0.3,-0.30000000000000004,0.0,0.0,0.0,-0.39999999999999997,3.0,-0.019999999999999796,-1.0499999999999998,-1.0499999999999998,0.0,0.1499999999999999,-0.04999999999999999,0.30000000000000004,-0.25,0.2,0.15000000000000002,-0.15000000000000002,-0.35000000000000003,3.0,0.01749999999999985,0.0,E,,,,,,,,,,,played,False
c7f73f775ddbbd3c,2026-06-20,Netherlands,Sweden,5.0,1.0,L,1.0,1.0,FIFA World Cup,Houston,United States,1,1.0,international_results_martj42,True,2061.4720347141692,1869.2693996417315,192.20263507243772,0.7514587156625561,2026-06-14,880.0,2.0,0.0,2.0,1.4,1.2,0.2,1.6,0.4,0.4,0.2,0.0,0.2,0.8,0.6,8.0,1.0399999999999998,2.3,0.9,1.4,2.1,0.6,0.3,0.1,0.3,0.1,0.6,0.7,21.0,1.625,2.35,1.0,1.35,1.8,0.45,0.45,0.1,0.3,0.1,0.6,0.6,36.0,1.43,2026-06-14,1102.0,2.0,1.0,7.0,2.8,1.8,1.0,2.0,0.6,0.2,0.2,0.0,0.0,1.0,1.0,10.0,1.7399999999999998,1.6,1.9,-0.3,1.1,0.3,0.2,0.5,0.0,0.3,0.7,0.6,11.0,0.9550000000000001,2.25,1.45,0.8,1.7,0.5,0.2,0.3,0.2,0.2,0.6,0.7,34.0,1.31,6.0,6.0,5,1.7598617279792235,0.6099865531572269,2.3698482811364503,0.5842561043275986,0.09237118554254688,-222.0,0.0,-1.0,-5.0,-1.4,-0.6000000000000001,-0.8,-0.3999999999999999,-0.19999999999999996,0.2,0.0,0.0,0.2,-0.19999999999999996,-0.4,-2.0,-0.7,0.6999999999999997,-0.9999999999999999,1.7,1.0,0.3,0.09999999999999998,-0.4,0.3,-0.19999999999999998,-0.09999999999999998,0.09999999999999998,10.0,0.6699999999999999,0.10000000000000009,-0.44999999999999996,0.55,0.10000000000000009,-0.04999999999999999,0.25,-0.19999999999999998,0.09999999999999998,-0.1,0.0,-0.09999999999999998,2.0,0.11999999999999988,0.0,F,,,,,,,,,,,played,False
0b213cbe3fa2eef7,2026-06-21,Spain,Saudi Arabia,4.0,0.0,L,1.0,0.0,FIFA World Cup,Atlanta,United States,1,1.0,international_results_martj42,True,2271.718212070317,1718.4437048421396,553.2745072281773,0.960262222333344,2026-06-15,784.0,31.0,0.0,0.0,1.4,0.4,1.0,1.8,0.4,0.6,0.0,0.6,0.4,0.4,0.4,9.0,1.1599999999999997,2.5,0.4,2.1,2.2,0.6,0.4,0.0,0.7,0.2,0.3,0.6,22.0,1.6849999999999998,2.65,0.95,1.7,2.3,0.65,0.35,0.0,0.5,0.1,0.5,0.75,46.0,1.81,2026-06-15,742.0,3.0,0.0,1.0,1.2,1.0,0.2,1.0,0.2,0.4,0.4,0.4,0.2,0.6,0.6,5.0,0.6799999999999992,1.1,1.3,-0.2,1.1,0.3,0.2,0.5,0.2,0.4,0.5,0.6,11.0,0.76,1.05,1.2,-0.15,1.3,0.35,0.25,0.4,0.2,0.4,0.5,0.45,26.0,0.905,6.0,6.0,3,4.132985129320829,0.5760315770319151,4.709016706352745,1.0,0.012559226305455438,42.0,28.0,0.0,-1.0,0.19999999999999996,-0.6,0.8,0.8,0.2,0.19999999999999996,-0.4,0.19999999999999996,0.2,-0.19999999999999996,-0.19999999999999996,4.0,0.48000000000000054,1.4,-0.9,2.3000000000000003,1.1,0.3,0.2,-0.5,0.49999999999999994,-0.2,-0.2,0.0,11.0,0.9249999999999998,1.5999999999999999,-0.25,1.8499999999999999,0.9999999999999998,0.30000000000000004,0.09999999999999998,-0.4,0.3,-0.30000000000000004,0.0,0.3,20.0,0.905,0.0,H,,,,,,,,,,,played,False
48fe9da723c377af,2026-06-21,New Zealand,Egypt,1.0,3.0,V,1.0,1.0,FIFA World Cup,Vancouver,Canada,1,1.0,international_results_martj42,True,1693.3403999999039,1862.2020571586456,-168.86165715874176,0.27447291148514225,2026-06-15,417.0,1.0,0.0,1.0,1.2,2.0,-0.8,0.8,0.2,0.2,0.6,0.0,0.6,0.4,0.6,4.0,0.6200000000000001,0.9,1.9,-1.0,0.5,0.1,0.2,0.7,0.0,0.5,0.5,0.5,5.0,0.3699999999999999,2.25,1.2,1.05,1.35,0.4,0.15,0.45,0.3,0.3,0.4,0.6,27.0,1.0474999999999999,2026-06-15,757.0,1.0,0.0,3.0,1.4,0.6,0.8,1.6,0.4,0.4,0.2,0.6,0.2,0.4,0.4,8.0,1.0399999999999998,1.3,0.7,0.6,1.6,0.4,0.4,0.2,0.5,0.4,0.4,0.4,16.0,1.1600000000000001,1.15,0.8,0.35,1.6,0.4,0.4,0.2,0.45,0.35,0.4,0.35,32.0,1.2225000000000001,6.0,6.0,3,0.00017588782692963865,1.0,1.0001758878269298,0.0,0.45549581906732733,-340.0,0.0,0.0,-2.0,-0.19999999999999996,1.4,-1.6,-0.8,-0.2,-0.2,0.39999999999999997,-0.6,0.39999999999999997,0.0,0.19999999999999996,-4.0,-0.4199999999999997,-0.4,1.2,-1.6,-1.1,-0.30000000000000004,-0.2,0.49999999999999994,-0.5,0.09999999999999998,0.09999999999999998,0.09999999999999998,-11.0,-0.7900000000000003,1.1,0.3999999999999999,0.7000000000000001,-0.25,0.0,-0.25,0.25,-0.15000000000000002,-0.04999999999999999,0.0,0.25,-5.0,-0.17500000000000027,0.0,G,,,,,,,,,,,played,False
6065446f2eec3c2a,2026-06-21,Belgium,Iran,0.0,0.0,E,0.0,0.0,FIFA World Cup,Inglewood,United States,1,1.0,international_results_martj42,True,2030.8241190924725,1914.6691065444118,116.15501254806077,0.6611990138323869,2026-06-15,854.0,14.0,0.0,8.0,2.8,0.8,2.0,2.2,0.6,0.4,0.0,0.4,0.0,0.6,0.4,11.0,1.3999999999999997,3.2,0.7,2.5,2.2,0.6,0.4,0.0,0.5,0.1,0.5,0.5,22.0,1.6349999999999998,2.5,1.1,1.4,1.65,0.45,0.3,0.25,0.35,0.2,0.5,0.55,33.0,1.275,2026-06-15,613.0,4.0,0.0,5.0,2.6,1.0,1.6,2.0,0.6,0.2,0.2,0.4,0.0,0.6,0.8,10.0,1.2799999999999998,1.9,0.7,1.2,1.8,0.5,0.3,0.2,0.6,0.2,0.4,0.6,18.0,1.2149999999999999,1.75,0.75,1.0,1.95,0.55,0.3,0.15,0.55,0.25,0.4,0.5,39.0,1.5,6.0,6.0,0,,,,,0.0,241.0,10.0,0.0,3.0,0.19999999999999973,-0.19999999999999996,0.3999999999999999,0.20000000000000018,0.0,0.2,-0.2,0.0,0.0,0.0,-0.4,1.0,0.11999999999999988,1.3000000000000003,0.0,1.3,0.40000000000000013,0.09999999999999998,0.10000000000000003,-0.2,-0.09999999999999998,-0.1,0.09999999999999998,-0.09999999999999998,4.0,0.41999999999999993,0.75,0.3500000000000001,0.3999999999999999,-0.30000000000000004,-0.10000000000000003,0.0,0.1,-0.20000000000000007,-0.04999999999999999,0.09999999999999998,0.050000000000000044,-6.0,-0.2250000000000001,0.0,G,,,,,,,,,,,played,False
a4b0238ea0bac6fa,2026-06-21,Uruguay,Cape Verde,2.0,2.0,E,1.0,1.0,FIFA World Cup,Miami Gardens,United States,1,1.0,international_results_martj42,True,1975.9583001032863,1681.2923739885794,294.66592611470696,0.8450421577122965,2026-06-15,971.0,3.0,0.0,1.0,0.6,1.4,-0.8,0.8,0.0,0.8,0.2,0.4,0.4,0.6,0.2,4.0,0.5599999999999997,1.1,0.8,0.3,1.7,0.4,0.5,0.1,0.6,0.3,0.4,0.3,17.0,1.2349999999999999,0.8,0.8,0.0,1.3,0.25,0.55,0.2,0.5,0.5,0.35,0.2,26.0,0.9874999999999998,2026-06-15,236.0,1.0,0.0,0.0,1.2,1.6,-0.4,1.0,0.2,0.4,0.4,0.4,0.4,0.4,0.6,5.0,0.7,1.4,1.2,0.2,1.4,0.3,0.5,0.2,0.5,0.3,0.4,0.5,14.0,1.0849999999999997,1.25,0.95,0.3,1.45,0.35,0.4,0.25,0.4,0.3,0.4,0.35,29.0,1.1149999999999998,6.0,6.0,0,,,,,0.0,735.0,2.0,0.0,1.0,-0.6,-0.20000000000000018,-0.4,-0.19999999999999996,-0.2,0.4,-0.2,0.0,0.0,0.19999999999999996,-0.39999999999999997,-1.0,-0.14000000000000024,-0.2999999999999998,-0.3999999999999999,0.09999999999999998,0.30000000000000004,0.10000000000000003,0.0,-0.1,0.09999999999999998,0.0,0.0,-0.2,3.0,0.15000000000000013,-0.44999999999999996,-0.1499999999999999,-0.3,-0.1499999999999999,-0.09999999999999998,0.15000000000000002,-0.04999999999999999,0.09999999999999998,0.2,-0.050000000000000044,-0.14999999999999997,-3.0,-0.12749999999999995,0.0,H,,,,,,,,,,,played,False
